{"cameraMode":{"drawMode":0,"name":"Shaded","section":"Shading Mode"},"sceneLighting":true,"audioPlay":false,"sceneViewState":{"m_AlwaysRefresh":false,"showFog":true,"showSkybox":true,"showFlares":true,"showImageEffects":true,"showParticleSystems":true,"showVisualEffectGraphs":true,"m_FxEnabled":true},"in2DMode":false,"pivot":{"x":4.829679489135742,"y":10.593147277832032,"z":-4.252552032470703},"rotation":{"x":0.4716251492500305,"y":-0.02776743471622467,"z":0.014861014671623707,"w":0.8812358975410461},"size":25.502426147460939,"orthographic":false}