{"cameraMode":{"drawMode":0,"name":"Shaded","section":"Shading Mode"},"sceneLighting":false,"audioPlay":false,"sceneViewState":{"m_AlwaysRefresh":false,"showFog":true,"showSkybox":false,"showFlares":true,"showImageEffects":true,"showParticleSystems":true,"showVisualEffectGraphs":true,"m_FxEnabled":true},"in2DMode":false,"pivot":{"x":-0.07195925712585449,"y":0.005066394805908203,"z":-0.01922142505645752},"rotation":{"x":0.4411647915840149,"y":-0.002691586734727025,"z":0.0013234290527179838,"w":0.8974205851554871},"size":1.4060816764831544,"orthographic":false}